first_name,last_name,id,zone
Jeni,Newstead,1,1
Caterina,Bestwall,2,2
Brittne,Norewood,3,3
Morgun,Hooke,4,4
Cassius,Miner,5,5
Tiphany,Kennon,6,6
Denna,Casine,7,7
Conny,Calkin,8,8
Deanne,Collie,9,9
Bealle,Kinkead,10,10
Jdavie,Yeulet,11,11
Justine,Ferrey,12,12
Amalea,Casol,13,13
Luigi,Labram,14,14
Abigale,Poser,15,15
Delcine,Goater,16,16
Arda,Fayne,17,17
Raphael,Cowing,18,18
Raoul,Kagan,19,19
Georas,Fitchett,20,20
Marcellina,di Rocca,21,21
Gerianna,Allsobrook,22,22
Ritchie,Montacute,23,23
Delbert,Chalker,24,24
Tam,Santos,25,25
